[
 {
  "id": "0adc5d79",
  "nomer": "62887437235687@s.whatsapp.net",
  "jumlah": 102,
  "status": "success"
 },
 {
  "id": "0ac85215",
  "nomer": "6289608061261@s.whatsapp.net",
  "jumlah": 10574,
  "status": "success"
 },
 {
  "id": "f13baa3b",
  "nomer": "6285831094423@s.whatsapp.net",
  "jumlah": 2116,
  "status": "success"
 },
 {
  "id": "cc3ab2b0",
  "nomer": "6282281175918@s.whatsapp.net",
  "jumlah": 2116,
  "status": "success"
 },
 {
  "id": "aa9fc7d8",
  "nomer": "62887437235687@s.whatsapp.net",
  "jumlah": 202,
  "status": "success"
 },
 {
  "id": "e4d6216e",
  "nomer": "62887437235687@s.whatsapp.net",
  "jumlah": 102,
  "status": "success"
 },
 {
  "id": "f1b58098",
  "nomer": "6285733694616@s.whatsapp.net",
  "jumlah": 15105,
  "status": "success"
 },
 {
  "id": "0636bd8d",
  "nomer": "6287762208693@s.whatsapp.net",
  "jumlah": 5035,
  "status": "success"
 },
 {
  "id": "efcc5e63",
  "nomer": "6282274162057@s.whatsapp.net",
  "jumlah": 3525,
  "status": "success"
 },
 {
  "id": "d6ab9408",
  "nomer": "62887437235687@s.whatsapp.net",
  "jumlah": 102,
  "status": "success"
 },
 {
  "id": "1131826b",
  "nomer": "6281999273345@s.whatsapp.net",
  "jumlah": 102,
  "status": "success"
 },
 {
  "id": "0bd86713",
  "nomer": "6281999273345@s.whatsapp.net",
  "jumlah": 102,
  "status": "success"
 },
 {
  "id": "fc9d8e0f",
  "nomer": "6289601350237@s.whatsapp.net",
  "jumlah": 2116,
  "status": "success"
 },
 {
  "id": "54349616",
  "nomer": "6289601350237@s.whatsapp.net",
  "jumlah": 2116,
  "status": "success"
 },
 {
  "id": "f0a1f3d6",
  "nomer": "6281215360549@s.whatsapp.net",
  "jumlah": 5035,
  "status": "success"
 },
 {
  "id": "3e30c601",
  "nomer": "6285711412402@s.whatsapp.net",
  "jumlah": 4028,
  "status": "success"
 },
 {
  "id": "b34930b4",
  "nomer": "62887437235687@s.whatsapp.net",
  "jumlah": 102,
  "status": "success"
 },
 {
  "id": "4713732b",
  "nomer": "6281231404577@s.whatsapp.net",
  "jumlah": 4028,
  "status": "success"
 },
 {
  "id": "55c3720f",
  "nomer": "6285174131703@s.whatsapp.net",
  "jumlah": 7049,
  "status": "success"
 },
 {
  "id": "dbe64cc0",
  "nomer": "639567408737@s.whatsapp.net",
  "jumlah": 3525,
  "status": "success"
 },
 {
  "id": "1277e9ce",
  "nomer": "6289524882317@s.whatsapp.net",
  "jumlah": 5035,
  "status": "success"
 },
 {
  "id": "4967f6fe",
  "nomer": "62895410788391@s.whatsapp.net",
  "jumlah": 2116,
  "status": "success"
 }
]