[
 {
  "order_id": "fc54058f",
  "nomer": "62887437235687@s.whatsapp.net",
  "nama_produk": "SPOTIFY FAMHEAD",
  "id_produk": "spofh",
  "jumlah": 2,
  "harga": 3500,
  "status": "success"
 },
 {
  "order_id": "21f849bd",
  "nomer": "62887437235687@s.whatsapp.net",
  "nama_produk": "NETFLIX 1P1U",
  "id_produk": "netf1u",
  "jumlah": 1,
  "harga": 23000,
  "status": "success"
 },
 {
  "order_id": "cf1f2c8e",
  "nomer": "62887437235687@s.whatsapp.net",
  "nama_produk": "YOUTUBE 3 BULAN",
  "id_produk": "yt3b",
  "jumlah": 2,
  "harga": 7600,
  "status": "success"
 },
 {
  "order_id": "6d6bd293",
  "nomer": "6289608061261@s.whatsapp.net",
  "nama_produk": "SPOTIFY 1 BULAN",
  "id_produk": "spo1b",
  "jumlah": 5,
  "harga": 2100,
  "status": "success"
 },
 {
  "order_id": "2593c526",
  "nomer": "62887437235687@s.whatsapp.net",
  "nama_produk": "SPOTIFY 1 BULAN",
  "id_produk": "spo1b",
  "jumlah": 1,
  "harga": 2100,
  "status": "success"
 },
 {
  "order_id": "0076fc1d",
  "nomer": "62887437235687@s.whatsapp.net",
  "nama_produk": "SPOTIFY 1 BULAN",
  "id_produk": "spo1b",
  "jumlah": 1,
  "harga": 2100,
  "status": "success"
 },
 {
  "order_id": "c87ebdb5",
  "nomer": "62887437235687@s.whatsapp.net",
  "nama_produk": "NETFLIX 1P1U",
  "id_produk": "netf1u",
  "jumlah": 1,
  "harga": 23000,
  "status": "success"
 },
 {
  "order_id": "bf6d39b1",
  "nomer": "62887437235687@s.whatsapp.net",
  "nama_produk": "SPOTIFY FAMHEAD",
  "id_produk": "spofh",
  "jumlah": 2,
  "harga": 3500,
  "status": "success"
 },
 {
  "order_id": "b99fbbeb",
  "nomer": "62887437235687@s.whatsapp.net",
  "nama_produk": "CAPCUT SHARING 1 TAHUN",
  "id_produk": "cc1",
  "jumlah": 1,
  "harga": 15000,
  "status": "success"
 },
 {
  "order_id": "ebc28ff8",
  "nomer": "62887437235687@s.whatsapp.net",
  "nama_produk": "YOUTUBE FAMHEAD",
  "id_produk": "ytfh",
  "jumlah": 1,
  "harga": 4000,
  "status": "success"
 },
 {
  "order_id": "9b1e1d72",
  "nomer": "62887437235687@s.whatsapp.net",
  "nama_produk": "SPOTIFY 1 BULAN",
  "id_produk": "spo1b",
  "jumlah": 1,
  "harga": 2100,
  "status": "success"
 },
 {
  "order_id": "114b37fd",
  "nomer": "62887437235687@s.whatsapp.net",
  "nama_produk": "EXPRES VPN 7D",
  "id_produk": "exp",
  "jumlah": 1,
  "harga": 4000,
  "status": "success"
 },
 {
  "order_id": "b2d0610b",
  "nomer": "62887437235687@s.whatsapp.net",
  "nama_produk": "YOUTUBE 3 BULAN",
  "id_produk": "yt3b",
  "jumlah": 1,
  "harga": 7600,
  "status": "success"
 },
 {
  "order_id": "5408867a",
  "nomer": "62887437235687@s.whatsapp.net",
  "nama_produk": "PRIME VIDEO `PRIVATE`",
  "id_produk": "prime",
  "jumlah": 1,
  "harga": 7000,
  "status": "success"
 },
 {
  "order_id": "e4eedbf1",
  "nomer": "62887437235687@s.whatsapp.net",
  "nama_produk": "SPOTIFY 1 BULAN",
  "id_produk": "spo1b",
  "jumlah": 1,
  "harga": 2100,
  "status": "success"
 },
 {
  "order_id": "6dde0cab",
  "nomer": "6285733694616@s.whatsapp.net",
  "nama_produk": "CAPCUT SHARING 1 TAHUN",
  "id_produk": "cc1",
  "jumlah": 1,
  "harga": 15000,
  "status": "success"
 },
 {
  "order_id": "38ae5ad2",
  "nomer": "62887437235687@s.whatsapp.net",
  "nama_produk": "SPOTIFY FAMHEAD",
  "id_produk": "spofh",
  "jumlah": 1,
  "harga": 3500,
  "status": "success"
 },
 {
  "order_id": "868c630a",
  "nomer": "62887437235687@s.whatsapp.net",
  "nama_produk": "YOUTUBE FAMHEAD",
  "id_produk": "ytfh",
  "jumlah": 1,
  "harga": 4000,
  "status": "success"
 },
 {
  "order_id": "d066df4e",
  "nomer": "62887437235687@s.whatsapp.net",
  "nama_produk": "SPOTIFY 1 BULAN",
  "id_produk": "spo1b",
  "jumlah": 1,
  "harga": 2100,
  "status": "success"
 },
 {
  "order_id": "4f66ce19",
  "nomer": "62887437235687@s.whatsapp.net",
  "nama_produk": "PANDA VPN",
  "id_produk": "panda",
  "jumlah": 1,
  "harga": 4000,
  "status": "success"
 },
 {
  "order_id": "61972020",
  "nomer": "62887437235687@s.whatsapp.net",
  "nama_produk": "EXPRES VPN 7D",
  "id_produk": "exp",
  "jumlah": 1,
  "harga": 4000,
  "status": "success"
 },
 {
  "order_id": "f8f78e5a",
  "nomer": "62887437235687@s.whatsapp.net",
  "nama_produk": "SPOTIFY 1 BULAN",
  "id_produk": "spo1b",
  "jumlah": 1,
  "harga": 2100,
  "status": "success"
 },
 {
  "order_id": "f85a1e8a",
  "nomer": "62887437235687@s.whatsapp.net",
  "nama_produk": "SPOTIFY 1 BULAN",
  "id_produk": "spo1b",
  "jumlah": 1,
  "harga": 2100,
  "status": "success"
 },
 {
  "order_id": "2412ed72",
  "nomer": "6287762208693@s.whatsapp.net",
  "nama_produk": "YOUTUBE FAMHEAD",
  "id_produk": "ytfh",
  "jumlah": 1,
  "harga": 4000,
  "status": "success"
 },
 {
  "order_id": "6060f9fc",
  "nomer": "62887437235687@s.whatsapp.net",
  "nama_produk": "PRIME VIDEO `PRIVATE`",
  "id_produk": "prime",
  "jumlah": 1,
  "harga": 7000,
  "status": "success"
 },
 {
  "order_id": "b0cedbb0",
  "nomer": "62887437235687@s.whatsapp.net",
  "nama_produk": "SPOTIFY 1 BULAN",
  "id_produk": "spo1b",
  "jumlah": 3,
  "harga": 2100,
  "status": "success"
 },
 {
  "order_id": "3ba788aa",
  "nomer": "62887437235687@s.whatsapp.net",
  "nama_produk": "SPOTIFY FAMHEAD",
  "id_produk": "spofh",
  "jumlah": 4,
  "harga": 3500,
  "status": "success"
 },
 {
  "order_id": "9aa15351",
  "nomer": "62887437235687@s.whatsapp.net",
  "nama_produk": "PRIME VIDEO `PRIVATE`",
  "id_produk": "prime",
  "jumlah": 1,
  "harga": 7000,
  "status": "success"
 },
 {
  "order_id": "e0d2c31f",
  "nomer": "62887437235687@s.whatsapp.net",
  "nama_produk": "SPOTIFY 1 BULAN",
  "id_produk": "spo1b",
  "jumlah": 9,
  "harga": 2200,
  "status": "success"
 },
 {
  "order_id": "a8f44a84",
  "nomer": "62887437235687@s.whatsapp.net",
  "nama_produk": "PRIME VIDEO `PRIVATE`",
  "id_produk": "prime",
  "jumlah": 1,
  "harga": 7000,
  "status": "success"
 },
 {
  "order_id": "efa11ca1",
  "nomer": "62887437235687@s.whatsapp.net",
  "nama_produk": "SPOTIFY 1 BULAN",
  "id_produk": "spo1b",
  "jumlah": 1,
  "harga": 2200,
  "status": "success"
 },
 {
  "order_id": "e02a6425",
  "nomer": "62887437235687@s.whatsapp.net",
  "nama_produk": "SPOTIFY 1 BULAN",
  "id_produk": "spo1b",
  "jumlah": 1,
  "harga": 2200,
  "status": "success"
 },
 {
  "order_id": "a833e167",
  "nomer": "62887437235687@s.whatsapp.net",
  "nama_produk": "ZOOM PRO 100P `PRIVATE`",
  "id_produk": "zoom",
  "jumlah": 5,
  "harga": 7000,
  "status": "success"
 },
 {
  "order_id": "3ff58095",
  "nomer": "62887437235687@s.whatsapp.net",
  "nama_produk": "EXPRES VPN 7D",
  "id_produk": "exp",
  "jumlah": 1,
  "harga": 4000,
  "status": "success"
 },
 {
  "order_id": "0236aa29",
  "nomer": "62887437235687@s.whatsapp.net",
  "nama_produk": "SURFSHARK VPN `PRIVATE`",
  "id_produk": "surf",
  "jumlah": 1,
  "harga": 4000,
  "status": "success"
 },
 {
  "order_id": "f13c2296",
  "nomer": "62887437235687@s.whatsapp.net",
  "nama_produk": "SPOTIFY 1 BULAN",
  "id_produk": "spo1b",
  "jumlah": 1,
  "harga": 2100,
  "status": "success"
 },
 {
  "order_id": "0f55bc42",
  "nomer": "6282281175918@s.whatsapp.net",
  "nama_produk": "SPOTIFY FAMHEAD",
  "id_produk": "spofh",
  "jumlah": 1,
  "harga": 3500,
  "status": "success"
 },
 {
  "order_id": "57ee7245",
  "nomer": "62887437235687@s.whatsapp.net",
  "nama_produk": "SPOTIFY 1 BULAN",
  "id_produk": "spo1b",
  "jumlah": 1,
  "harga": 2100,
  "status": "success"
 },
 {
  "order_id": "3b9566b5",
  "nomer": "62887437235687@s.whatsapp.net",
  "nama_produk": "PRIME VIDEO `PRIVATE`",
  "id_produk": "prime",
  "jumlah": 1,
  "harga": 7000,
  "status": "success"
 },
 {
  "order_id": "f0f8ec0c",
  "nomer": "62887437235687@s.whatsapp.net",
  "nama_produk": "SPOTIFY 1 BULAN",
  "id_produk": "spo1b",
  "jumlah": 2,
  "harga": 2100,
  "status": "success"
 },
 {
  "order_id": "5e776d95",
  "nomer": "62887437235687@s.whatsapp.net",
  "nama_produk": "SPOTIFY FAMHEAD",
  "id_produk": "spofh",
  "jumlah": 1,
  "harga": 3500,
  "status": "success"
 },
 {
  "order_id": "5bd81d42",
  "nomer": "62887437235687@s.whatsapp.net",
  "nama_produk": "SPOTIFY 1 BULAN",
  "id_produk": "spo1b",
  "jumlah": 1,
  "harga": 2100,
  "status": "success"
 },
 {
  "order_id": "91a1b4f2",
  "nomer": "6282281175918@s.whatsapp.net",
  "nama_produk": "SPOTIFY 1 BULAN",
  "id_produk": "spo1b",
  "jumlah": 1,
  "harga": 2100,
  "status": "success"
 },
 {
  "order_id": "fb77d1d9",
  "nomer": "62887437235687@s.whatsapp.net",
  "nama_produk": "SPOTIFY 1 BULAN",
  "id_produk": "spo1b",
  "jumlah": 1,
  "harga": 2100,
  "status": "success"
 },
 {
  "order_id": "c4b69211",
  "nomer": "62887437235687@s.whatsapp.net",
  "nama_produk": "SPOTIFY 1 BULAN",
  "id_produk": "spo1b",
  "jumlah": 1,
  "harga": 2100,
  "status": "success"
 },
 {
  "order_id": "4d8649a9",
  "nomer": "62887437235687@s.whatsapp.net",
  "nama_produk": "ZOOM PRO 100P `PRIVATE`",
  "id_produk": "zoom",
  "jumlah": 2,
  "harga": 7000,
  "status": "success"
 },
 {
  "order_id": "80ececbe",
  "nomer": "62887437235687@s.whatsapp.net",
  "nama_produk": "SPOTIFY 1 BULAN",
  "id_produk": "spo1b",
  "jumlah": 1,
  "harga": 2100,
  "status": "success"
 },
 {
  "order_id": "88594c72",
  "nomer": "62887437235687@s.whatsapp.net",
  "nama_produk": "SPOTIFY 1 BULAN",
  "id_produk": "spo1b",
  "jumlah": 9,
  "harga": 2100,
  "status": "success"
 },
 {
  "order_id": "d8ec5f82",
  "nomer": "62887437235687@s.whatsapp.net",
  "nama_produk": "YOUTUBE FAMHEAD",
  "id_produk": "ytfh",
  "jumlah": 1,
  "harga": 4000,
  "status": "success"
 },
 {
  "order_id": "6572fd89",
  "nomer": "6282281175918@s.whatsapp.net",
  "nama_produk": "SPOTIFY 1 BULAN",
  "id_produk": "spo1b",
  "jumlah": 1,
  "harga": 2100,
  "status": "success"
 },
 {
  "order_id": "ddf50507",
  "nomer": "62887437235687@s.whatsapp.net",
  "nama_produk": "SPOTIFY 1 BULAN",
  "id_produk": "spo1b",
  "jumlah": 1,
  "harga": 2100,
  "status": "success"
 },
 {
  "order_id": "f27096a9",
  "nomer": "62887437235687@s.whatsapp.net",
  "nama_produk": "SURFSHARK VPN `PRIVATE`",
  "id_produk": "surf",
  "jumlah": 1,
  "harga": 4000,
  "status": "success"
 },
 {
  "order_id": "ab5d455c",
  "nomer": "62887437235687@s.whatsapp.net",
  "nama_produk": "SPOTIFY 1 BULAN",
  "id_produk": "spo1b",
  "jumlah": 1,
  "harga": 2100,
  "status": "success"
 },
 {
  "order_id": "70e80762",
  "nomer": "62887437235687@s.whatsapp.net",
  "nama_produk": "SPOTIFY 1 BULAN",
  "id_produk": "spo1b",
  "jumlah": 1,
  "harga": 2100,
  "status": "success"
 },
 {
  "order_id": "d1661afa",
  "nomer": "62887437235687@s.whatsapp.net",
  "nama_produk": "SPOTIFY 1 BULAN",
  "id_produk": "spo1b",
  "jumlah": 1,
  "harga": 2100,
  "status": "success"
 },
 {
  "order_id": "81e31271",
  "nomer": "62887437235687@s.whatsapp.net",
  "nama_produk": "SPOTIFY 1 BULAN",
  "id_produk": "spo1b",
  "jumlah": 1,
  "harga": 2100,
  "status": "success"
 },
 {
  "order_id": "6f64cd05",
  "nomer": "62887437235687@s.whatsapp.net",
  "nama_produk": "SPOTIFY 1 BULAN",
  "id_produk": "spo1b",
  "jumlah": 1,
  "harga": 2100,
  "status": "success"
 },
 {
  "order_id": "7acbca6a",
  "nomer": "62887437235687@s.whatsapp.net",
  "nama_produk": "SPOTIFY 1 BULAN",
  "id_produk": "spo1b",
  "jumlah": 10,
  "harga": 2100,
  "status": "success"
 },
 {
  "order_id": "cfe79d0a",
  "nomer": "62887437235687@s.whatsapp.net",
  "nama_produk": "EXPRES VPN 7D",
  "id_produk": "exp",
  "jumlah": 1,
  "harga": 4000,
  "status": "success"
 },
 {
  "order_id": "822c4bbb",
  "nomer": "62887437235687@s.whatsapp.net",
  "nama_produk": "PRIME VIDEO `PRIVATE`",
  "id_produk": "prime",
  "jumlah": 3,
  "harga": 7000,
  "status": "success"
 },
 {
  "order_id": "c43f1bb2",
  "nomer": "62887437235687@s.whatsapp.net",
  "nama_produk": "SPOTIFY FAMHEAD",
  "id_produk": "spofh",
  "jumlah": 1,
  "harga": 3500,
  "status": "success"
 },
 {
  "order_id": "323f2f58",
  "nomer": "6282281175918@s.whatsapp.net",
  "nama_produk": "SPOTIFY FAMHEAD",
  "id_produk": "spofh",
  "jumlah": 1,
  "harga": 3500,
  "status": "success"
 },
 {
  "order_id": "68f88425",
  "nomer": "62887437235687@s.whatsapp.net",
  "nama_produk": "SPOTIFY FAMHEAD",
  "id_produk": "spofh",
  "jumlah": 1,
  "harga": 3500,
  "status": "success"
 },
 {
  "order_id": "285e4f2c",
  "nomer": "62887437235687@s.whatsapp.net",
  "nama_produk": "SPOTIFY 1 BULAN",
  "id_produk": "spo1b",
  "jumlah": 1,
  "harga": 2100,
  "status": "success"
 },
 {
  "order_id": "8f8b088e",
  "nomer": "62887437235687@s.whatsapp.net",
  "nama_produk": "SPOTIFY 1 BULAN",
  "id_produk": "spo1b",
  "jumlah": 1,
  "harga": 2100,
  "status": "success"
 },
 {
  "order_id": "bc48968e",
  "nomer": "62887437235687@s.whatsapp.net",
  "nama_produk": "PRIME VIDEO `PRIVATE`",
  "id_produk": "prime",
  "jumlah": 1,
  "harga": 7000,
  "status": "success"
 },
 {
  "order_id": "f2d3ba1e",
  "nomer": "62887437235687@s.whatsapp.net",
  "nama_produk": "YOUTUBE FAMHEAD",
  "id_produk": "ytfh",
  "jumlah": 1,
  "harga": 4000,
  "status": "success"
 },
 {
  "order_id": "7b8f644b",
  "nomer": "62887437235687@s.whatsapp.net",
  "nama_produk": "SPOTIFY 1 BULAN",
  "id_produk": "spo1b",
  "jumlah": 1,
  "harga": 2100,
  "status": "success"
 },
 {
  "order_id": "7b3a8daa",
  "nomer": "62887437235687@s.whatsapp.net",
  "nama_produk": "SPOTIFY 1 BULAN",
  "id_produk": "spo1b",
  "jumlah": 1,
  "harga": 2100,
  "status": "success"
 },
 {
  "order_id": "ae533403",
  "nomer": "62887437235687@s.whatsapp.net",
  "nama_produk": "SPOTIFY 1 BULAN",
  "id_produk": "spo1b",
  "jumlah": 10,
  "harga": 2100,
  "status": "success"
 },
 {
  "order_id": "b5ffb675",
  "nomer": "6289601350237@s.whatsapp.net",
  "nama_produk": "SPOTIFY 1 BULAN",
  "id_produk": "spo1b",
  "jumlah": 1,
  "harga": 2100,
  "status": "success"
 },
 {
  "order_id": "39fcf344",
  "nomer": "62887437235687@s.whatsapp.net",
  "nama_produk": "SPOTIFY FAMHEAD",
  "id_produk": "spofh",
  "jumlah": 2,
  "harga": 3500,
  "status": "success"
 },
 {
  "order_id": "a0e9e325",
  "nomer": "62887437235687@s.whatsapp.net",
  "nama_produk": "SPOTIFY 1 BULAN",
  "id_produk": "spo1b",
  "jumlah": 1,
  "harga": 2100,
  "status": "success"
 },
 {
  "order_id": "d53d3b05",
  "nomer": "62887437235687@s.whatsapp.net",
  "nama_produk": "ALIGHT MOTION 1 TAHUN",
  "id_produk": "am1t",
  "jumlah": 1,
  "harga": 3500,
  "status": "success"
 },
 {
  "order_id": "87dd1b6a",
  "nomer": "62887437235687@s.whatsapp.net",
  "nama_produk": "NETFLIX 1P1U",
  "id_produk": "netf1u",
  "jumlah": 1,
  "harga": 23000,
  "status": "success"
 },
 {
  "order_id": "b9df6ffb",
  "nomer": "62887437235687@s.whatsapp.net",
  "nama_produk": "HMA VPN 7D",
  "id_produk": "hma",
  "jumlah": 1,
  "harga": 4000,
  "status": "success"
 },
 {
  "order_id": "37cc7c0f",
  "nomer": "62887437235687@s.whatsapp.net",
  "nama_produk": "SURFSHARK VPN `PRIVATE`",
  "id_produk": "surf",
  "jumlah": 1,
  "harga": 4000,
  "status": "success"
 },
 {
  "order_id": "cf65d9e3",
  "nomer": "6285711412402@s.whatsapp.net",
  "nama_produk": "SPOTIFY FAMHEAD",
  "id_produk": "spofh",
  "jumlah": 1,
  "harga": 3500,
  "status": "success"
 },
 {
  "order_id": "7d20f08c",
  "nomer": "62887437235687@s.whatsapp.net",
  "nama_produk": "SPOTIFY FAMHEAD",
  "id_produk": "spofh",
  "jumlah": 1,
  "harga": 3500,
  "status": "success"
 },
 {
  "order_id": "72519cc6",
  "nomer": "62887437235687@s.whatsapp.net",
  "nama_produk": "SPOTIFY 1 BULAN",
  "id_produk": "spo1b",
  "jumlah": 1,
  "harga": 2100,
  "status": "success"
 },
 {
  "order_id": "09127c56",
  "nomer": "62887437235687@s.whatsapp.net",
  "nama_produk": "PRIME VIDEO `PRIVATE`",
  "id_produk": "prime",
  "jumlah": 1,
  "harga": 7000,
  "status": "success"
 },
 {
  "order_id": "524ecdcc",
  "nomer": "62887437235687@s.whatsapp.net",
  "nama_produk": "SPOTIFY FAMHEAD",
  "id_produk": "spofh",
  "jumlah": 1,
  "harga": 3500,
  "status": "success"
 },
 {
  "order_id": "2ec6358f",
  "nomer": "62887437235687@s.whatsapp.net",
  "nama_produk": "SPOTIFY 1 BULAN",
  "id_produk": "spo1b",
  "jumlah": 3,
  "harga": 2100,
  "status": "success"
 },
 {
  "order_id": "f6a01e66",
  "nomer": "62887437235687@s.whatsapp.net",
  "nama_produk": "SPOTIFY 1 BULAN",
  "id_produk": "spo1b",
  "jumlah": 3,
  "harga": 2100,
  "status": "success"
 },
 {
  "order_id": "3ebe45be",
  "nomer": "62887437235687@s.whatsapp.net",
  "nama_produk": "SPOTIFY 1 BULAN",
  "id_produk": "spo1b",
  "jumlah": 2,
  "harga": 2100,
  "status": "success"
 },
 {
  "order_id": "9ee8cfcc",
  "nomer": "62887437235687@s.whatsapp.net",
  "nama_produk": "ALIGHT MOTION 1 TAHUN",
  "id_produk": "am1t",
  "jumlah": 1,
  "harga": 3500,
  "status": "success"
 },
 {
  "order_id": "e5e3b436",
  "nomer": "62887437235687@s.whatsapp.net",
  "nama_produk": "YOUTUBE FAMHEAD",
  "id_produk": "ytfh",
  "jumlah": 1,
  "harga": 4000,
  "status": "success"
 },
 {
  "order_id": "45d4cd5b",
  "nomer": "62887437235687@s.whatsapp.net",
  "nama_produk": "SPOTIFY 1 BULAN",
  "id_produk": "spo1b",
  "jumlah": 4,
  "harga": 2100,
  "status": "success"
 },
 {
  "order_id": "ee3a5bc8",
  "nomer": "62887437235687@s.whatsapp.net",
  "nama_produk": "YOUTUBE 3 BULAN",
  "id_produk": "yt3b",
  "jumlah": 1,
  "harga": 10100,
  "status": "success"
 },
 {
  "order_id": "bb0c5f0d",
  "nomer": "62887437235687@s.whatsapp.net",
  "nama_produk": "YOUTUBE 3 BULAN",
  "id_produk": "yt3b",
  "jumlah": 1,
  "harga": 9500,
  "status": "success"
 },
 {
  "order_id": "37ccae90",
  "nomer": "62887437235687@s.whatsapp.net",
  "nama_produk": "PRIME VIDEO `PRIVATE`",
  "id_produk": "prime",
  "jumlah": 1,
  "harga": 7000,
  "status": "success"
 },
 {
  "order_id": "ee40d32b",
  "nomer": "62887437235687@s.whatsapp.net",
  "nama_produk": "SPOTIFY 1 BULAN",
  "id_produk": "spo1b",
  "jumlah": 1,
  "harga": 2100,
  "status": "success"
 },
 {
  "order_id": "fe417a43",
  "nomer": "62887437235687@s.whatsapp.net",
  "nama_produk": "YOUTUBE 3 BULAN",
  "id_produk": "yt3b",
  "jumlah": 1,
  "harga": 9500,
  "status": "success"
 },
 {
  "order_id": "4cd0f9bf",
  "nomer": "62887437235687@s.whatsapp.net",
  "nama_produk": "SPOTIFY 1 BULAN",
  "id_produk": "spo1b",
  "jumlah": 5,
  "harga": 2100,
  "status": "success"
 },
 {
  "order_id": "b9236708",
  "nomer": "62887437235687@s.whatsapp.net",
  "nama_produk": "YOUTUBE 3 BULAN",
  "id_produk": "yt3b",
  "jumlah": 1,
  "harga": 9500,
  "status": "success"
 },
 {
  "order_id": "9c6fd1db",
  "nomer": "6281215360549@s.whatsapp.net",
  "nama_produk": "EXPRES VPN 7D",
  "id_produk": "exp",
  "jumlah": 1,
  "harga": 4000,
  "status": "success"
 },
 {
  "order_id": "6e22e735",
  "nomer": "62887437235687@s.whatsapp.net",
  "nama_produk": "YOUTUBE 3 BULAN",
  "id_produk": "yt3b",
  "jumlah": 1,
  "harga": 8500,
  "status": "success"
 },
 {
  "order_id": "76b231a7",
  "nomer": "62887437235687@s.whatsapp.net",
  "nama_produk": "ZOOM PRO 100P `PRIVATE`",
  "id_produk": "zoom",
  "jumlah": 1,
  "harga": 6000,
  "status": "success"
 },
 {
  "order_id": "91b9ba7b",
  "nomer": "62887437235687@s.whatsapp.net",
  "nama_produk": "YOUTUBE FAMHEAD",
  "id_produk": "ytfh",
  "jumlah": 1,
  "harga": 4000,
  "status": "success"
 },
 {
  "order_id": "b1a7cb99",
  "nomer": "62887437235687@s.whatsapp.net",
  "nama_produk": "PICSART 36 - 37 DAY",
  "id_produk": "picsart",
  "jumlah": 1,
  "harga": 4100,
  "status": "success"
 },
 {
  "order_id": "f0263785",
  "nomer": "62887437235687@s.whatsapp.net",
  "nama_produk": "SPOTIFY 1 BULAN",
  "id_produk": "spo1b",
  "jumlah": 3,
  "harga": 2100,
  "status": "success"
 },
 {
  "order_id": "6d1b6732",
  "nomer": "62887437235687@s.whatsapp.net",
  "nama_produk": "SPOTIFY FAMHEAD",
  "id_produk": "spofh",
  "jumlah": 1,
  "harga": 3500,
  "status": "success"
 },
 {
  "order_id": "1c233f5e",
  "nomer": "62887437235687@s.whatsapp.net",
  "nama_produk": "YOUTUBE 3 BULAN",
  "id_produk": "yt3b",
  "jumlah": 1,
  "harga": 8500,
  "status": "success"
 },
 {
  "order_id": "ce5cc474",
  "nomer": "62887437235687@s.whatsapp.net",
  "nama_produk": "NETFLIX 1P1U",
  "id_produk": "netf1u",
  "jumlah": 1,
  "harga": 23000,
  "status": "success"
 },
 {
  "order_id": "830d2518",
  "nomer": "62887437235687@s.whatsapp.net",
  "nama_produk": "YOUTUBE FAMHEAD",
  "id_produk": "ytfh",
  "jumlah": 1,
  "harga": 4000,
  "status": "success"
 },
 {
  "order_id": "a234c75d",
  "nomer": "62887437235687@s.whatsapp.net",
  "nama_produk": "SPOTIFY 1 BULAN",
  "id_produk": "spo1b",
  "jumlah": 10,
  "harga": 2100,
  "status": "success"
 },
 {
  "order_id": "9172fcc2",
  "nomer": "62887437235687@s.whatsapp.net",
  "nama_produk": "PICSART 36 - 37 DAY",
  "id_produk": "picsart",
  "jumlah": 1,
  "harga": 4100,
  "status": "success"
 },
 {
  "order_id": "5a32fdb4",
  "nomer": "62887437235687@s.whatsapp.net",
  "nama_produk": "ZOOM PRO 100P `PRIVATE`",
  "id_produk": "zoom",
  "jumlah": 2,
  "harga": 6000,
  "status": "success"
 },
 {
  "order_id": "ec27f026",
  "nomer": "62887437235687@s.whatsapp.net",
  "nama_produk": "SCRIBD 1 BULAN",
  "id_produk": "scribd",
  "jumlah": 2,
  "harga": 4000,
  "status": "success"
 },
 {
  "order_id": "273796d5",
  "nomer": "62887437235687@s.whatsapp.net",
  "nama_produk": "PRIME VIDEO `PRIVATE`",
  "id_produk": "prime",
  "jumlah": 1,
  "harga": 7000,
  "status": "success"
 },
 {
  "order_id": "472c8e6f",
  "nomer": "62887437235687@s.whatsapp.net",
  "nama_produk": "YOUTUBE FAMHEAD",
  "id_produk": "ytfh",
  "jumlah": 1,
  "harga": 4000,
  "status": "success"
 },
 {
  "order_id": "b093e583",
  "nomer": "62887437235687@s.whatsapp.net",
  "nama_produk": "PICSART 36 - 37 DAY",
  "id_produk": "picsart",
  "jumlah": 1,
  "harga": 4100,
  "status": "success"
 },
 {
  "order_id": "164f1b79",
  "nomer": "62887437235687@s.whatsapp.net",
  "nama_produk": "PICSART 36 - 37 DAY",
  "id_produk": "picsart",
  "jumlah": 1,
  "harga": 4100,
  "status": "success"
 },
 {
  "order_id": "d83a00bc",
  "nomer": "62887437235687@s.whatsapp.net",
  "nama_produk": "YOUTUBE 3 BULAN",
  "id_produk": "yt3b",
  "jumlah": 1,
  "harga": 7600,
  "status": "success"
 },
 {
  "order_id": "9a6b832a",
  "nomer": "62887437235687@s.whatsapp.net",
  "nama_produk": "YOUTUBE 3 BULAN",
  "id_produk": "yt3b",
  "jumlah": 2,
  "harga": 7600,
  "status": "success"
 },
 {
  "order_id": "7b1d82ec",
  "nomer": "62887437235687@s.whatsapp.net",
  "nama_produk": "SPOTIFY 1 BULAN",
  "id_produk": "spo1b",
  "jumlah": 6,
  "harga": 2100,
  "status": "success"
 },
 {
  "order_id": "a356c8df",
  "nomer": "62887437235687@s.whatsapp.net",
  "nama_produk": "PRIME VIDEO `PRIVATE`",
  "id_produk": "prime",
  "jumlah": 1,
  "harga": 7000,
  "status": "success"
 },
 {
  "order_id": "f96b128e",
  "nomer": "62887437235687@s.whatsapp.net",
  "nama_produk": "EXPRES VPN 7D",
  "id_produk": "exp",
  "jumlah": 1,
  "harga": 4000,
  "status": "success"
 },
 {
  "order_id": "fff521a3",
  "nomer": "62887437235687@s.whatsapp.net",
  "nama_produk": "PRIME VIDEO `PRIVATE`",
  "id_produk": "prime",
  "jumlah": 1,
  "harga": 7000,
  "status": "success"
 },
 {
  "order_id": "50b1f898",
  "nomer": "6289524882317@s.whatsapp.net",
  "nama_produk": "ALIGHT MOTION 1 TAHUN",
  "id_produk": "am1t",
  "jumlah": 1,
  "harga": 3000,
  "status": "success"
 },
 {
  "order_id": "48c8380e",
  "nomer": "62887437235687@s.whatsapp.net",
  "nama_produk": "SPOTIFY 1 BULAN",
  "id_produk": "spo1b",
  "jumlah": 1,
  "harga": 2100,
  "status": "success"
 },
 {
  "order_id": "b92a872a",
  "nomer": "62887437235687@s.whatsapp.net",
  "nama_produk": "SPOTIFY 1 BULAN",
  "id_produk": "spo1b",
  "jumlah": 3,
  "harga": 2100,
  "status": "success"
 },
 {
  "order_id": "c63cb9b4",
  "nomer": "62887437235687@s.whatsapp.net",
  "nama_produk": "PRIME VIDEO `PRIVATE`",
  "id_produk": "prime",
  "jumlah": 1,
  "harga": 7000,
  "status": "success"
 },
 {
  "order_id": "70588c28",
  "nomer": "62887437235687@s.whatsapp.net",
  "nama_produk": "YOUTUBE 3 BULAN",
  "id_produk": "yt3b",
  "jumlah": 1,
  "harga": 8000,
  "status": "success"
 },
 {
  "order_id": "774a609c",
  "nomer": "62887437235687@s.whatsapp.net",
  "nama_produk": "PRIME VIDEO `PRIVATE`",
  "id_produk": "prime",
  "jumlah": 1,
  "harga": 7000,
  "status": "success"
 },
 {
  "order_id": "5af144d6",
  "nomer": "6281215360549@s.whatsapp.net",
  "nama_produk": "VIU 100 DAY",
  "id_produk": "v1",
  "jumlah": 1,
  "harga": 550,
  "status": "success"
 },
 {
  "order_id": "287fd155",
  "nomer": "62887437235687@s.whatsapp.net",
  "nama_produk": "SCRIBD 1 BULAN",
  "id_produk": "scribd",
  "jumlah": 1,
  "harga": 4000,
  "status": "success"
 },
 {
  "order_id": "64261c3d",
  "nomer": "62887437235687@s.whatsapp.net",
  "nama_produk": "EXPRES VPN 7D",
  "id_produk": "exp",
  "jumlah": 1,
  "harga": 4000,
  "status": "success"
 },
 {
  "order_id": "daf52f3f",
  "nomer": "62887437235687@s.whatsapp.net",
  "nama_produk": "YOUTUBE 3 BULAN",
  "id_produk": "yt3b",
  "jumlah": 1,
  "harga": 8000,
  "status": "success"
 },
 {
  "order_id": "066803f2",
  "nomer": "62887437235687@s.whatsapp.net",
  "nama_produk": "YOUTUBE 3 BULAN",
  "id_produk": "yt3b",
  "jumlah": 1,
  "harga": 8000,
  "status": "success"
 }
]