[
 {
  "nomer": "6289652954530@s.whatsapp.net",
  "balance": "0"
 },
 {
  "nomer": "6289608061261@s.whatsapp.net",
  "balance": "0"
 },
 {
  "nomer": "6285268325854@s.whatsapp.net",
  "balance": "0"
 },
 {
  "nomer": "6285831094423@s.whatsapp.net",
  "balance": "0"
 },
 {
  "nomer": "6282281175918@s.whatsapp.net",
  "balance": 99988799
 },
 {
  "nomer": "62887437235687@s.whatsapp.net",
  "balance": 999305001
 },
 {
  "nomer": "6285733694616@s.whatsapp.net",
  "balance": 100
 },
 {
  "nomer": "6285640610988@s.whatsapp.net",
  "balance": "0"
 },
 {
  "nomer": "6287762208693@s.whatsapp.net",
  "balance": 1000
 },
 {
  "nomer": "6287777528378@s.whatsapp.net",
  "balance": "0"
 },
 {
  "nomer": "6287819931776@s.whatsapp.net",
  "balance": "0"
 },
 {
  "nomer": "62887437397666@s.whatsapp.net",
  "balance": "0"
 },
 {
  "nomer": "6282118670248@s.whatsapp.net",
  "balance": "0"
 },
 {
  "nomer": "6282281215136@s.whatsapp.net",
  "balance": "0"
 },
 {
  "nomer": "6285811101412@s.whatsapp.net",
  "balance": "0"
 },
 {
  "nomer": "6288216221027@s.whatsapp.net",
  "balance": "0"
 },
 {
  "nomer": "6282274162057@s.whatsapp.net",
  "balance": "0"
 },
 {
  "nomer": "6282216482552@s.whatsapp.net",
  "balance": "0"
 },
 {
  "nomer": "6283193084884@s.whatsapp.net",
  "balance": "0"
 },
 {
  "nomer": "6281999273345@s.whatsapp.net",
  "balance": "102"
 },
 {
  "nomer": "6281212481624@s.whatsapp.net",
  "balance": "0"
 },
 {
  "nomer": "6283846607394@s.whatsapp.net",
  "balance": "0"
 },
 {
  "nomer": "6289601350237@s.whatsapp.net",
  "balance": 10
 },
 {
  "nomer": "6285933629988@s.whatsapp.net",
  "balance": "0"
 },
 {
  "nomer": "6282288886246@s.whatsapp.net",
  "balance": "0"
 },
 {
  "nomer": "6281215360549@s.whatsapp.net",
  "balance": 450
 },
 {
  "nomer": "6285711412402@s.whatsapp.net",
  "balance": 500
 },
 {
  "nomer": "6289675624489@s.whatsapp.net",
  "balance": "0"
 },
 {
  "nomer": "6289505775375@s.whatsapp.net",
  "balance": "0"
 },
 {
  "nomer": "6285850312272@s.whatsapp.net",
  "balance": "0"
 },
 {
  "nomer": "62815538764486@s.whatsapp.net",
  "balance": "0"
 },
 {
  "nomer": "6285174131703@s.whatsapp.net",
  "balance": "0"
 },
 {
  "nomer": "6281289670365@s.whatsapp.net",
  "balance": "0"
 },
 {
  "nomer": "639567408737@s.whatsapp.net",
  "balance": "0"
 },
 {
  "nomer": "6289524882317@s.whatsapp.net",
  "balance": 2000
 },
 {
  "nomer": "6285797207133@s.whatsapp.net",
  "balance": "0"
 }
]