[
    {
        "id": "linkgc",
        "nama": "LINK GROUP",
        "deskripsi": "https://chat.whatsapp.com/HvI2REcdUDAFQrrvOz6mAy",
        "harga": 0
    },
    {
        "id": "spo1b",
        "nama": "SPOTIFY 1 BULAN",
        "deskripsi": "SPOTIFY 1 BULAN `BIL GP` *NO GARANSI*",
        "snk": "• langsung login ( jangan nanti\" )\n• wajib ganti sandi & email\n• tidak terima komplain setelah\n30 menit dari pembelian",
        "harga": 2100
    },
    {
        "id": "spofh",
        "nama": "SPOTIFY FAMHEAD",
        "deskripsi": "SPOTIFY FAMHEAD 18/19 DAY `BIL GP` *NO GARANSI*",
        "snk": "• langsung login ( jangan nanti\" )\n• wajib ganti sandi & email\n• tidak terima komplain setelah\n30 menit dari pembelian",
        "harga": 3500
    },
    {
        "id": "yt3b",
        "nama": "YOUTUBE 3 BULAN",
        "deskripsi": "YOUTUBE 3 BULAN EMAIL SELLER *NO GARANSI* `WAJIB GANTI SANDI`",
        "snk": "1. Wajib Segera Ganti Pw\n2. Masukan Email Pemulihan & No Telpon Pemulihan\n3. Jika Terkena Verifikasi Cukup Diberi Nomor Buat Verifikasi\n4. No Garansi = No Komplain",
        "harga": 8000
    },
    {
        "id": "ytfh",
        "nama": "YOUTUBE FAMHEAD",
        "deskripsi": "YOUTUBE FAMHEAD 1 BULAN EMAIL SELLER GARANSI *BACKFREE* `WAJIB GANTI SANDI`",
        "snk": "1. Wajib Segera Ganti Pw\n2. Masukan Email Pemulihan & No Telpon Pemulihan\n3. Jika Terkena Verifikasi Cukup Diberi Nomor Buat Verifikasi\n4. Garansi Jika Backfree Only",
        "harga": 4000
    },
    {
        "id": "prime",
        "nama": "PRIME VIDEO `PRIVATE`",
        "deskripsi": "PRIME VIDEO 1 BULAN PRIVATE EMAIL SELLER `FULL GARANSI` DAPAT EMAIL AKSES",
        "snk": "- LOGIN MAX 5 DEVICE \n- JIKA TIDAK BISA LOGIN COBA LOGIN LEWAT WEB\n- JIKA MINTA OTP LOGIN KE outlook.com\n- JANGAN SAMPAI SALAH INPUT PASSWORD/VERIFIKASI ROBOT DLL",
        "harga": 7000
    },
    {
        "id": "zoom",
        "nama": "ZOOM PRO 100P `PRIVATE`",
        "deskripsi": "ZOOM PRO 100P 1 BULAN *PRIVATE AKUN* `NO GARANSI` AKSES EMAIL DI: tempmail.plus",
        "snk": "- LOGIN MAX 2 DEV\n- AKUN TIDAK BERGARANSI\n- JIKA DIMINTA OTP AKSES EMAIL DI: tempmail.plus",
        "harga": 6000
    },
    {
        "id": "netf1u",
        "nama": "NETFLIX 1P1U",
        "deskripsi": "NETFLIX SHARING 1P1U 1 BULAN *DURASI LEBIH PM AJA*",
        "snk": "- SETELAH LOGIN BERHASIL WAJIB SS & KIRIM KE NOMOR +62887437235687 \n- NO SS = NO GARANSI\n\n• 25-30 Hari (Dihitung 1 Bulan) \n• Dilarang ganti email & password\n• Dilarang ubah profile dan pin\n• Dilarang otak atik billing details\n• Dilarang menambahkan nomor telp\n• Jika incorrect saat login silahkan ganti sinyal ke data seluler and clear cache browser atau hapus data apk\n•  Akun sharing jadi tanggung jawab bersama\n• Dilarang pakai VPN\n• Hanya boleh login 1 device\n• Jika akun tiba-tiba terlogout dan gagal login silahkan langsung hubungi admin\n• WAJIB SS SETELAH LOGIN, TIDAK KIRIM SS DALAM 1X24 JAM SEJAK AKUN DIKIRIM, TIDAK ADA GARANSI\n• Melanggar? garansi hangus",
        "harga": 23000
    },
    {
        "id": "scribd",
        "nama": "SCRIBD 1 BULAN",
        "deskripsi": "SCRIBD 1 BULAN *NO GARANSI* `EMAIL SELLER` DAPAT AKSES EMAIL",
        "snk": "- NO GARANSI \n- JIKA DIMINTAI KODE AKSES EMAIL DI: tempmail.plus",
        "harga": 4000
    },
    {
        "id": "cc1",
        "nama": "CAPCUT SHARING 1 TAHUN",
        "deskripsi": "CAPCUT PRO 1 TAHUN SHARING",
        "snk": "🏷️JANGAN OTAK ATIK\n🏷️ LOGIN 1 DEVICE\n🏷️SETELAH EDIT WAJIB HAPUS HASIL EDITAN JIKA SUDAH TIDAK TERPAKAI\n\nDURASI : 1 TAHUN\nGARANSI : 6 BULAN ON ✅",
        "harga": 15000
    },
    {
        "id": "v3",
        "nama": "VIU 300 DAY",
        "deskripsi": "VIU PREMIUM 300 DAY GARANSI ½ DURASI",
        "snk": " Note ‼️\n– Garansi 1 bulan\n– Support tsel & indihome\n– Support all dev ( Include tv / tv android )\n– Bulk order chat admin ya\n– Bulk free custom domain + pass",
        "harga": 850
    },
    {
        "id": "v2",
        "nama": "VIU 200 DAY",
        "deskripsi": "VIU PREMIUM 200 DAY GARANSI ½ DURASI",
        "snk": " Note ‼️\n– Garansi 1 bulan\n– Support tsel & indihome\n– Support all dev ( Include tv / tv android )\n– Bulk order chat admin ya\n– Bulk free custom domain + pass",
        "harga": 700
    },
    {
        "id": "v1",
        "nama": "VIU 100 DAY",
        "deskripsi": "VIU PREMIUM 100 DAY GARANSI ½ DURASI",
        "snk": " Note ‼️\n– Garansi 1 bulan\n– Support tsel & indihome\n– Support all dev ( Include tv / tv android )\n– Bulk order chat admin ya\n– Bulk free custom domain + pass",
        "harga": 550
    },
    {
        "id": "vidio",
        "nama": "VIDIO PLATINUM ALLDEV",
        "deskripsi": "VIDIO PLATINUM *ALL DEVICE PRIVATE 1 BULAN* ( KALO STOK KOSONG ORDER CHAT OWNER! )",
        "snk": "- loginkan langsung ke aplikasi vidio ( jangan ke gmail )\n- ini akun private bisa kalian ganti email & passwordnya -> di pengaturan akun vidio\n- jika ingin di jual sharing di sarankan hanya jual 2user\n- garansi bf , no garansi jika akun ke banned ‼️",
        "harga": 22000
    },
    {
        "id": "am1t",
        "nama": "ALIGHT MOTION 1 TAHUN",
        "deskripsi": "ALIGH MOTION 1 TAHUN *PRIVATE* EMAIL SELLER",
        "snk": "- GARANSI 6 BULAN\n- LOGIN VIA EMAIL\n- JIKA DIMINTA LINK LOGIN AKSES DI: tempmail.plus\n- BINGUNG CARA LOGIN TANYA KE OWNER",
        "harga": 3000
    },
    {
        "id": "exp",
        "nama": "EXPRES VPN 7D",
        "deskripsi": "EXPRESS VPN PRO 7 DAY `PRIVATE` *FULL GARANSI*",
        "snk": "– FULL GARANSI",
        "harga": 4000
    },
    {
        "id": "picsart",
        "nama": "PICSART 36 - 37 DAY",
        "deskripsi": "PICSART 36 - 37 DAY *PRIVATE FULL GARANSI*",
        "snk": "- LOGIN MAX 5 DEVICE\n- FULL GARANSI IF BACKFREE\n- LOGIN MENGGUNAKAN AKUN PICSART BUKAN GMAIL/GOOGLE",
        "harga": 4100
    },
    {
        "id": "vidio2",
        "nama": "VIDIO PLATINUM 2 BULAN",
        "deskripsi": "VIDIO PLATINUM 2 BULAN *ALL DEVICE PRIVATE FULL GARANSI BACKFREE*",
        "snk": "- loginkan langsung ke aplikasi vidio ( jangan ke gmail )\n- ini akun private bisa kalian ganti email & passwordnya -> di pengaturan akun vidio\n- jika ingin di jual sharing di sarankan hanya jual 2user\n- garansi bf , no garansi jika akun ke banned ‼️",
        "harga": 40000
    }
]